id;name;address_1;address_2;state;city;country
1;Assistant;Generic heuristic;program orchid Investment Account;Security;East Shaniaburgh;Georgia
2;empower Auto Loan Account Music;Principal sky blue;generate Hong Kong alarm;multi-byte;Kertzmannport;Chile
3;Extended;synthesize mobile;Direct;Villages fuchsia Administrator;East Margarettahaven;Gibraltar
4;Handcrafted;Ergonomic California withdrawal;invoice secondary database;multi-byte;O'Connellton;Saint Martin
5;violet Compatible primary;Credit Card Account;Algerian Dinar;Accounts Falkland Islands Pound;Novellastad;Iraq
6;Electronics;Cheese benchmark quantifying;Games invoice Pine;Nevada connect Handcrafted;Santinaborough;Belarus
7;white;bypass hacking Christmas Island;relationships Towels;AGP;Dietrichmouth;Kiribati
8;Outdoors Horizontal;generating Kenya Handcrafted;Architect Shirt Liaison;overriding Rustic Cotton Table;Haleyton;Croatia
9;Branding Practical Frozen Shoes;overriding Designer initiatives;invoice;Savings Account;Leuschkeberg;Kiribati
10;compressing;Forint Steel black;Small Manat upward-trending;Refined Concrete Chips Buckinghamshire;Scarlettfort;Andorra
